year,month,global_mean_2t_c,days
1940,1,11.497,31
1940,2,11.872,29
1940,3,12.524,31
1940,4,13.757,30
1940,5,14.745,31
1940,6,15.315,30
1940,7,15.779,31
1940,8,15.613,31
1940,9,14.812,30
1940,10,13.633,31
1940,11,12.611,30
1940,12,12.066,31
1941,1,11.761,31
1941,2,12.186,28
1941,3,12.695,31
1941,4,13.555,30
1941,5,14.654,31
1941,6,15.490,30
1941,7,15.686,31
1941,8,15.637,31
1941,9,14.592,30
1941,10,13.938,31
1941,11,12.586,30
1941,12,11.974,31
1942,1,11.880,31
1942,2,11.933,28
1942,3,12.700,31
1942,4,13.558,30
1942,5,14.653,31
1942,6,15.303,30
1942,7,15.504,31
1942,8,15.363,31
1942,9,14.705,30
1942,10,13.725,31
1942,11,12.496,30
1942,12,11.846,31
1943,1,11.625,31
1943,2,12.045,28
1943,3,12.524,31
1943,4,13.589,30
1943,5,14.632,31
1943,6,15.220,30
1943,7,15.487,31
1943,8,15.335,31
1943,9,14.737,30
1943,10,13.797,31
1943,11,12.694,30
1943,12,12.055,31
1944,1,12.052,31
1944,2,12.230,29
1944,3,12.951,31
1944,4,13.731,30
1944,5,14.664,31
1944,6,15.466,30
1944,7,15.697,31
1944,8,15.643,31
1944,9,15.034,30
1944,10,13.987,31
1944,11,12.678,30
1944,12,11.904,31
1945,1,11.698,31
1945,2,11.809,28
1945,3,12.600,31
1945,4,13.697,30
1945,5,14.528,31
1945,6,15.450,30
1945,7,15.581,31
1945,8,15.777,31
1945,9,14.921,30
1945,10,13.888,31
1945,11,12.614,30
1945,12,11.798,31
1946,1,11.821,31
1946,2,12.003,28
1946,3,12.757,31
1946,4,13.738,30
1946,5,14.708,31
1946,6,15.345,30
1946,7,15.651,31
1946,8,15.442,31
1946,9,14.792,30
1946,10,13.669,31
1946,11,12.646,30
1946,12,11.825,31
1947,1,11.809,31
1947,2,12.003,28
1947,3,12.830,31
1947,4,13.848,30
1947,5,14.692,31
1947,6,15.464,30
1947,7,15.687,31
1947,8,15.448,31
1947,9,14.755,30
1947,10,13.867,31
1947,11,12.679,30
1947,12,11.850,31
1948,1,11.792,31
1948,2,11.890,29
1948,3,12.517,31
1948,4,13.620,30
1948,5,14.716,31
1948,6,15.381,30
1948,7,15.634,31
1948,8,15.541,31
1948,9,14.730,30
1948,10,13.863,31
1948,11,12.750,30
1948,12,11.769,31
1949,1,11.900,31
1949,2,11.981,28
1949,3,12.710,31
1949,4,13.629,30
1949,5,14.653,31
1949,6,15.299,30
1949,7,15.672,31
1949,8,15.446,31
1949,9,14.813,30
1949,10,13.779,31
1949,11,12.716,30
1949,12,11.995,31
1950,1,11.531,31
1950,2,11.793,28
1950,3,12.635,31
1950,4,13.525,30
1950,5,14.560,31
1950,6,15.343,30
1950,7,15.517,31
1950,8,15.295,31
1950,9,14.781,30
1950,10,13.800,31
1950,11,12.469,30
1950,12,12.003,31
1951,1,11.524,31
1951,2,11.684,28
1951,3,12.564,31
1951,4,13.643,30
1951,5,14.850,31
1951,6,15.483,30
1951,7,15.562,31
1951,8,15.624,31
1951,9,14.954,30
1951,10,13.964,31
1951,11,12.791,30
1951,12,12.201,31
1952,1,11.932,31
1952,2,12.138,29
1952,3,12.666,31
1952,4,13.656,30
1952,5,14.697,31
1952,6,15.439,30
1952,7,15.688,31
1952,8,15.425,31
1952,9,14.834,30
1952,10,13.754,31
1952,11,12.459,30
1952,12,11.964,31
1953,1,11.790,31
1953,2,12.122,28
1953,3,12.757,31
1953,4,13.859,30
1953,5,14.872,31
1953,6,15.459,30
1953,7,15.728,31
1953,8,15.582,31
1953,9,14.814,30
1953,10,13.849,31
1953,11,12.677,30
1953,12,12.070,31
1954,1,11.567,31
1954,2,11.934,28
1954,3,12.661,31
1954,4,13.589,30
1954,5,14.618,31
1954,6,15.253,30
1954,7,15.498,31
1954,8,15.310,31
1954,9,14.571,30
1954,10,13.675,31
1954,11,12.687,30
1954,12,11.853,31
1955,1,11.861,31
1955,2,11.813,28
1955,3,12.384,31
1955,4,13.517,30
1955,5,14.542,31
1955,6,15.263,30
1955,7,15.467,31
1955,8,15.512,31
1955,9,14.763,30
1955,10,13.709,31
1955,11,12.450,30
1955,12,11.719,31
1956,1,11.685,31
1956,2,11.848,29
1956,3,12.566,31
1956,4,13.482,30
1956,5,14.425,31
1956,6,15.183,30
1956,7,15.449,31
1956,8,15.228,31
1956,9,14.525,30
1956,10,13.460,31
1956,11,12.517,30
1956,12,11.919,31
1957,1,11.654,31
1957,2,11.933,28
1957,3,12.605,31
1957,4,13.702,30
1957,5,14.719,31
1957,6,15.512,30
1957,7,15.653,31
1957,8,15.584,31
1957,9,14.913,30
1957,10,13.925,31
1957,11,12.860,30
1957,12,12.206,31
1958,1,12.147,31
1958,2,12.261,28
1958,3,12.875,31
1958,4,13.822,30
1958,5,14.835,31
1958,6,15.442,30
1958,7,15.744,31
1958,8,15.534,31
1958,9,14.791,30
1958,10,13.823,31
1958,11,12.738,30
1958,12,12.057,31
1959,1,11.933,31
1959,2,12.167,28
1959,3,12.976,31
1959,4,13.894,30
1959,5,14.731,31
1959,6,15.467,30
1959,7,15.700,31
1959,8,15.518,31
1959,9,14.742,30
1959,10,13.808,31
1959,11,12.635,30
1959,12,12.075,31
1960,1,11.873,31
1960,2,12.244,29
1960,3,12.498,31
1960,4,13.617,30
1960,5,14.643,31
1960,6,15.414,30
1960,7,15.652,31
1960,8,15.580,31
1960,9,14.823,30
1960,10,13.877,31
1960,11,12.653,30
1960,12,12.231,31
1961,1,11.923,31
1961,2,12.244,28
1961,3,12.846,31
1961,4,13.844,30
1961,5,14.833,31
1961,6,15.520,30
1961,7,15.737,31
1961,8,15.563,31
1961,9,14.930,30
1961,10,13.867,31
1961,11,12.760,30
1961,12,11.945,31
1962,1,11.850,31
1962,2,12.203,28
1962,3,12.851,31
1962,4,13.771,30
1962,5,14.633,31
1962,6,15.329,30
1962,7,15.688,31
1962,8,15.511,31
1962,9,14.800,30
1962,10,13.839,31
1962,11,12.767,30
1962,12,12.045,31
1963,1,11.791,31
1963,2,12.195,28
1963,3,12.561,31
1963,4,13.627,30
1963,5,14.641,31
1963,6,15.464,30
1963,7,15.802,31
1963,8,15.759,31
1963,9,14.999,30
1963,10,13.942,31
1963,11,12.861,30
1963,12,12.088,31
1964,1,11.804,31
1964,2,12.052,29
1964,3,12.565,31
1964,4,13.490,30
1964,5,14.554,31
1964,6,15.340,30
1964,7,15.726,31
1964,8,15.417,31
1964,9,14.550,30
1964,10,13.445,31
1964,11,12.492,30
1964,12,11.751,31
1965,1,11.703,31
1965,2,11.887,28
1965,3,12.627,31
1965,4,13.559,30
1965,5,14.631,31
1965,6,15.310,30
1965,7,15.596,31
1965,8,15.439,31
1965,9,14.724,30
1965,10,13.766,31
1965,11,12.681,30
1965,12,12.007,31
1966,1,11.702,31
1966,2,12.059,28
1966,3,12.782,31
1966,4,13.665,30
1966,5,14.640,31
1966,6,15.472,30
1966,7,15.821,31
1966,8,15.532,31
1966,9,14.845,30
1966,10,13.666,31
1966,11,12.675,30
1966,12,12.009,31
1967,1,11.707,31
1967,2,11.824,28
1967,3,12.770,31
1967,4,13.706,30
1967,5,14.842,31
1967,6,15.389,30
1967,7,15.701,31
1967,8,15.541,31
1967,9,14.864,30
1967,10,13.927,31
1967,11,12.702,30
1967,12,12.051,31
1968,1,11.600,31
1968,2,11.946,29
1968,3,12.877,31
1968,4,13.674,30
1968,5,14.617,31
1968,6,15.298,30
1968,7,15.636,31
1968,8,15.459,31
1968,9,14.704,30
1968,10,13.884,31
1968,11,12.657,30
1968,12,11.927,31
1969,1,11.740,31
1969,2,11.961,28
1969,3,12.786,31
1969,4,13.901,30
1969,5,14.895,31
1969,6,15.506,30
1969,7,15.703,31
1969,8,15.453,31
1969,9,14.868,30
1969,10,13.836,31
1969,11,12.890,30
1969,12,12.314,31
1970,1,11.942,31
1970,2,12.255,28
1970,3,12.814,31
1970,4,13.881,30
1970,5,14.715,31
1970,6,15.480,30
1970,7,15.713,31
1970,8,15.428,31
1970,9,14.833,30
1970,10,13.806,31
1970,11,12.715,30
1970,12,11.968,31
1971,1,11.779,31
1971,2,11.882,28
1971,3,12.598,31
1971,4,13.652,30
1971,5,14.570,31
1971,6,15.261,30
1971,7,15.526,31
1971,8,15.407,31
1971,9,14.766,30
1971,10,13.654,31
1971,11,12.617,30
1971,12,11.979,31
1972,1,11.571,31
1972,2,11.821,29
1972,3,12.692,31
1972,4,13.748,30
1972,5,14.690,31
1972,6,15.571,30
1972,7,15.813,31
1972,8,15.655,31
1972,9,14.897,30
1972,10,13.898,31
1972,11,12.733,30
1972,12,12.227,31
1973,1,12.086,31
1973,2,12.400,28
1973,3,12.964,31
1973,4,13.945,30
1973,5,14.893,31
1973,6,15.527,30
1973,7,15.778,31
1973,8,15.488,31
1973,9,14.854,30
1973,10,13.803,31
1973,11,12.757,30
1973,12,12.060,31
1974,1,11.700,31
1974,2,11.777,28
1974,3,12.615,31
1974,4,13.602,30
1974,5,14.527,31
1974,6,15.264,30
1974,7,15.529,31
1974,8,15.491,31
1974,9,14.652,30
1974,10,13.614,31
1974,11,12.570,30
1974,12,11.903,31
1975,1,11.800,31
1975,2,12.070,28
1975,3,12.798,31
1975,4,13.720,30
1975,5,14.631,31
1975,6,15.288,30
1975,7,15.500,31
1975,8,15.274,31
1975,9,14.607,30
1975,10,13.519,31
1975,11,12.495,30
1975,12,11.842,31
1976,1,11.710,31
1976,2,11.832,29
1976,3,12.396,31
1976,4,13.540,30
1976,5,14.385,31
1976,6,15.240,30
1976,7,15.573,31
1976,8,15.358,31
1976,9,14.749,30
1976,10,13.387,31
1976,11,12.551,30
1976,12,11.999,31
1977,1,11.904,31
1977,2,12.143,28
1977,3,12.832,31
1977,4,13.853,30
1977,5,14.847,31
1977,6,15.595,30
1977,7,15.789,31
1977,8,15.645,31
1977,9,14.801,30
1977,10,13.730,31
1977,11,12.887,30
1977,12,12.124,31
1978,1,11.886,31
1978,2,12.146,28
1978,3,12.836,31
1978,4,13.810,30
1978,5,14.770,31
1978,6,15.357,30
1978,7,15.741,31
1978,8,15.390,31
1978,9,14.762,30
1978,10,13.751,31
1978,11,12.844,30
1978,12,12.151,31
1979,1,12.020,31
1979,2,12.042,28
1979,3,12.923,31
1979,4,13.853,30
1979,5,14.815,31
1979,6,15.551,30
1979,7,15.732,31
1979,8,15.702,31
1979,9,15.070,30
1979,10,14.082,31
1979,11,12.986,30
1979,12,12.533,31
1980,1,12.143,31
1980,2,12.481,29
1980,3,13.132,31
1980,4,14.178,30
1980,5,15.170,31
1980,6,15.729,30
1980,7,16.020,31
1980,8,15.827,31
1980,9,15.079,30
1980,10,13.991,31
1980,11,12.941,30
1980,12,12.193,31
1981,1,12.268,31
1981,2,12.480,28
1981,3,13.245,31
1981,4,14.149,30
1981,5,15.032,31
1981,6,15.734,30
1981,7,15.988,31
1981,8,15.876,31
1981,9,15.110,30
1981,10,14.028,31
1981,11,12.945,30
1981,12,12.431,31
1982,1,11.865,31
1982,2,12.241,28
1982,3,12.772,31
1982,4,13.824,30
1982,5,14.890,31
1982,6,15.563,30
1982,7,15.891,31
1982,8,15.658,31
1982,9,14.981,30
1982,10,13.926,31
1982,11,12.850,30
1982,12,12.432,31
1983,1,12.291,31
1983,2,12.536,28
1983,3,13.221,31
1983,4,14.085,30
1983,5,15.128,31
1983,6,15.717,30
1983,7,15.913,31
1983,8,15.862,31
1983,9,15.249,30
1983,10,13.971,31
1983,11,13.016,30
1983,12,12.242,31
1984,1,12.040,31
1984,2,12.172,29
1984,3,13.016,31
1984,4,13.893,30
1984,5,15.047,31
1984,6,15.477,30
1984,7,15.698,31
1984,8,15.673,31
1984,9,14.960,30
1984,10,13.924,31
1984,11,12.718,30
1984,12,12.062,31
1985,1,12.019,31
1985,2,12.035,28
1985,3,12.878,31
1985,4,13.889,30
1985,5,14.825,31
1985,6,15.516,30
1985,7,15.694,31
1985,8,15.718,31
1985,9,14.925,30
1985,10,13.800,31
1985,11,12.777,30
1985,12,12.120,31
1986,1,12.009,31
1986,2,12.351,28
1986,3,12.996,31
1986,4,14.062,30
1986,5,14.992,31
1986,6,15.535,30
1986,7,15.781,31
1986,8,15.675,31
1986,9,14.919,30
1986,10,13.853,31
1986,11,12.869,30
1986,12,12.218,31
1987,1,12.109,31
1987,2,12.440,28
1987,3,12.928,31
1987,4,14.027,30
1987,5,14.989,31
1987,6,15.792,30
1987,7,16.140,31
1987,8,15.841,31
1987,9,15.222,30
1987,10,14.100,31
1987,11,12.997,30
1987,12,12.540,31
1988,1,12.311,31
1988,2,12.396,29
1988,3,13.217,31
1988,4,14.173,30
1988,5,15.159,31
1988,6,15.826,30
1988,7,16.032,31
1988,8,15.945,31
1988,9,15.259,30
1988,10,14.095,31
1988,11,12.802,30
1988,12,12.296,31
1989,1,11.846,31
1989,2,12.393,28
1989,3,13.052,31
1989,4,14.047,30
1989,5,14.854,31
1989,6,15.577,30
1989,7,15.992,31
1989,8,15.790,31
1989,9,15.163,30
1989,10,14.072,31
1989,11,12.880,30
1989,12,12.426,31
1990,1,12.212,31
1990,2,12.454,28
1990,3,13.482,31
1990,4,14.309,30
1990,5,15.245,31
1990,6,15.798,30
1990,7,16.152,31
1990,8,15.946,31
1990,9,15.216,30
1990,10,14.288,31
1990,11,13.250,30
1990,12,12.516,31
1991,1,12.276,31
1991,2,12.607,28
1991,3,13.156,31
1991,4,14.239,30
1991,5,15.085,31
1991,6,16.011,30
1991,7,16.182,31
1991,8,15.972,31
1991,9,15.245,30
1991,10,14.098,31
1991,11,13.012,30
1991,12,12.329,31
1992,1,12.232,31
1992,2,12.479,29
1992,3,13.162,31
1992,4,13.942,30
1992,5,14.923,31
1992,6,15.660,30
1992,7,15.768,31
1992,8,15.623,31
1992,9,14.837,30
1992,10,13.845,31
1992,11,12.753,30
1992,12,12.202,31
1993,1,12.134,31
1993,2,12.421,28
1993,3,13.045,31
1993,4,14.036,30
1993,5,14.966,31
1993,6,15.680,30
1993,7,15.879,31
1993,8,15.727,31
1993,9,14.930,30
1993,10,14.016,31
1993,11,12.828,30
1993,12,12.313,31
1994,1,12.046,31
1994,2,12.093,28
1994,3,12.991,31
1994,4,14.081,30
1994,5,14.913,31
1994,6,15.729,30
1994,7,15.955,31
1994,8,15.727,31
1994,9,15.208,30
1994,10,14.154,31
1994,11,13.121,30
1994,12,12.393,31
1995,1,12.313,31
1995,2,12.795,28
1995,3,13.173,31
1995,4,14.242,30
1995,5,15.026,31
1995,6,15.897,30
1995,7,16.125,31
1995,8,16.005,31
1995,9,15.246,30
1995,10,14.251,31
1995,11,13.146,30
1995,12,12.325,31
1996,1,12.082,31
1996,2,12.507,29
1996,3,13.099,31
1996,4,14.017,30
1996,5,14.894,31
1996,6,15.667,30
1996,7,16.023,31
1996,8,16.000,31
1996,9,15.119,30
1996,10,14.006,31
1996,11,13.151,30
1996,12,12.420,31
1997,1,12.073,31
1997,2,12.415,28
1997,3,13.239,31
1997,4,14.034,30
1997,5,15.009,31
1997,6,15.903,30
1997,7,16.057,31
1997,8,15.978,31
1997,9,15.382,30
1997,10,14.394,31
1997,11,13.352,30
1997,12,12.618,31
1998,1,12.394,31
1998,2,12.884,28
1998,3,13.374,31
1998,4,14.482,30
1998,5,15.440,31
1998,6,16.166,30
1998,7,16.351,31
1998,8,16.253,31
1998,9,15.394,30
1998,10,14.269,31
1998,11,13.131,30
1998,12,12.578,31
1999,1,12.215,31
1999,2,12.681,28
1999,3,13.018,31
1999,4,14.058,30
1999,5,14.964,31
1999,6,15.751,30
1999,7,16.027,31
1999,8,15.874,31
1999,9,15.246,30
1999,10,14.145,31
1999,11,13.067,30
1999,12,12.442,31
2000,1,12.052,31
2000,2,12.593,29
2000,3,13.191,31
2000,4,14.279,30
2000,5,15.041,31
2000,6,15.739,30
2000,7,15.991,31
2000,8,15.937,31
2000,9,15.208,30
2000,10,14.051,31
2000,11,13.024,30
2000,12,12.323,31
2001,1,12.212,31
2001,2,12.447,28
2001,3,13.250,31
2001,4,14.208,30
2001,5,15.216,31
2001,6,15.872,30
2001,7,16.208,31
2001,8,16.061,31
2001,9,15.368,30
2001,10,14.340,31
2001,11,13.470,30
2001,12,12.696,31
2002,1,12.537,31
2002,2,12.721,28
2002,3,13.600,31
2002,4,14.298,30
2002,5,15.342,31
2002,6,16.006,30
2002,7,16.263,31
2002,8,16.065,31
2002,9,15.452,30
2002,10,14.365,31
2002,11,13.316,30
2002,12,12.543,31
2003,1,12.549,31
2003,2,12.642,28
2003,3,13.243,31
2003,4,14.242,30
2003,5,15.248,31
2003,6,15.844,30
2003,7,16.182,31
2003,8,16.158,31
2003,9,15.520,30
2003,10,14.550,31
2003,11,13.333,30
2003,12,12.843,31
2004,1,12.400,31
2004,2,12.757,29
2004,3,13.398,31
2004,4,14.347,30
2004,5,15.051,31
2004,6,15.890,30
2004,7,15.953,31
2004,8,15.950,31
2004,9,15.406,30
2004,10,14.453,31
2004,11,13.442,30
2004,12,12.570,31
2005,1,12.590,31
2005,2,12.736,28
2005,3,13.498,31
2005,4,14.432,30
2005,5,15.331,31
2005,6,16.059,30
2005,7,16.314,31
2005,8,16.141,31
2005,9,15.576,30
2005,10,14.618,31
2005,11,13.502,30
2005,12,12.767,31
2006,1,12.398,31
2006,2,12.819,28
2006,3,13.398,31
2006,4,14.292,30
2006,5,15.190,31
2006,6,16.064,30
2006,7,16.232,31
2006,8,16.183,31
2006,9,15.495,30
2006,10,14.584,31
2006,11,13.472,30
2006,12,12.861,31
2007,1,12.805,31
2007,2,12.818,28
2007,3,13.410,31
2007,4,14.535,30
2007,5,15.346,31
2007,6,15.959,30
2007,7,16.235,31
2007,8,16.093,31
2007,9,15.357,30
2007,10,14.432,31
2007,11,13.332,30
2007,12,12.576,31
2008,1,12.114,31
2008,2,12.409,29
2008,3,13.428,31
2008,4,14.235,30
2008,5,15.156,31
2008,6,15.785,30
2008,7,16.206,31
2008,8,16.033,31
2008,9,15.416,30
2008,10,14.484,31
2008,11,13.422,30
2008,12,12.622,31
2009,1,12.502,31
2009,2,12.695,28
2009,3,13.288,31
2009,4,14.302,30
2009,5,15.258,31
2009,6,15.987,30
2009,7,16.367,31
2009,8,16.157,31
2009,9,15.550,30
2009,10,14.526,31
2009,11,13.511,30
2009,12,12.734,31
2010,1,12.636,31
2010,2,12.952,28
2010,3,13.678,31
2010,4,14.614,30
2010,5,15.460,31
2010,6,16.069,30
2010,7,16.281,31
2010,8,16.158,31
2010,9,15.545,30
2010,10,14.563,31
2010,11,13.504,30
2010,12,12.564,31
2011,1,12.351,31
2011,2,12.553,28
2011,3,13.351,31
2011,4,14.375,30
2011,5,15.220,31
2011,6,16.003,30
2011,7,16.372,31
2011,8,16.222,31
2011,9,15.494,30
2011,10,14.476,31
2011,11,13.276,30
2011,12,12.627,31
2012,1,12.276,31
2012,2,12.550,29
2012,3,13.273,31
2012,4,14.416,30
2012,5,15.435,31
2012,6,16.102,30
2012,7,16.269,31
2012,8,16.188,31
2012,9,15.559,30
2012,10,14.666,31
2012,11,13.566,30
2012,12,12.633,31
2013,1,12.589,31
2013,2,12.745,28
2013,3,13.433,31
2013,4,14.325,30
2013,5,15.283,31
2013,6,16.090,30
2013,7,16.204,31
2013,8,16.166,31
2013,9,15.616,30
2013,10,14.498,31
2013,11,13.520,30
2013,12,12.792,31
2014,1,12.569,31
2014,2,12.634,28
2014,3,13.500,31
2014,4,14.471,30
2014,5,15.445,31
2014,6,16.055,30
2014,7,16.295,31
2014,8,16.247,31
2014,9,15.631,30
2014,10,14.610,31
2014,11,13.422,30
2014,12,12.854,31
2015,1,12.634,31
2015,2,12.928,28
2015,3,13.638,31
2015,4,14.418,30
2015,5,15.438,31
2015,6,16.169,30
2015,7,16.383,31
2015,8,16.354,31
2015,9,15.713,30
2015,10,14.888,31
2015,11,13.756,30
2015,12,13.205,31
2016,1,12.993,31
2016,2,13.417,29
2016,3,14.035,31
2016,4,14.891,30
2016,5,15.677,31
2016,6,16.244,30
2016,7,16.589,31
2016,8,16.513,31
2016,9,15.804,30
2016,10,14.788,31
2016,11,13.775,30
2016,12,13.001,31
2017,1,12.845,31
2017,2,13.229,28
2017,3,13.909,31
2017,4,14.690,30
2017,5,15.634,31
2017,6,16.185,30
2017,7,16.495,31
2017,8,16.407,31
2017,9,15.726,30
2017,10,14.806,31
2017,11,13.619,30
2017,12,13.037,31
2018,1,12.683,31
2018,2,12.992,28
2018,3,13.682,31
2018,4,14.667,30
2018,5,15.513,31
2018,6,16.208,30
2018,7,16.507,31
2018,8,16.320,31
2018,9,15.646,30
2018,10,14.801,31
2018,11,13.609,30
2018,12,12.996,31
2019,1,12.726,31
2019,2,13.038,28
2019,3,13.917,31
2019,4,14.799,30
2019,5,15.618,31
2019,6,16.352,30
2019,7,16.626,31
2019,8,16.467,31
2019,9,15.825,30
2019,10,14.899,31
2019,11,13.775,30
2019,12,13.205,31
2020,1,13.023,31
2020,2,13.329,29
2020,3,13.897,31
2020,4,14.882,30
2020,5,15.728,31
2020,6,16.343,30
2020,7,16.554,31
2020,8,16.378,31
2020,9,15.880,30
2020,10,14.822,31
2020,11,13.908,30
2020,12,12.900,31
2021,1,12.685,31
2021,2,12.790,28
2021,3,13.599,31
2021,4,14.552,30
2021,5,15.519,31
2021,6,16.195,30
2021,7,16.560,31
2021,8,16.422,31
2021,9,15.848,30
2021,10,14.868,31
2021,11,13.716,30
2021,12,12.987,31
2022,1,12.719,31
2022,2,12.959,28
2022,3,13.803,31
2022,4,14.645,30
2022,5,15.517,31
2022,6,16.291,30
2022,7,16.606,31
2022,8,16.407,31
2022,9,15.796,30
2022,10,14.855,31
2022,11,13.533,30
2022,12,12.936,31
2023,1,12.689,31
2023,2,13.022,28
2023,3,13.921,31
2023,4,14.682,30
2023,5,15.657,31
2023,6,16.514,30
2023,7,16.953,31
2023,8,16.821,31
2023,9,16.377,30
2023,10,15.296,31
2023,11,14.224,30
2023,12,13.510,31
2024,1,13.140,31
2024,2,13.540,29
2024,3,14.137,31
2024,4,15.032,30
2024,5,15.914,31
2024,6,16.657,30
2024,7,16.909,31
2024,8,16.823,31
2024,9,16.174,30
2024,10,15.245,31
2024,11,14.099,30
2024,12,13.424,31
2025,1,13.229,31
2025,2,13.357,28
2025,3,14.059,31
2025,4,14.963,30
2025,5,15.792,31
2025,6,16.457,30
2025,7,16.678,31
2025,8,16.601,31
2025,9,16.109,30
2025,10,15.142,31
2025,11,14.019,30
2025,12,13.152,31
2026,1,12.953,31
2026,2,13.261,28
2026,3,13.940,31
2026,4,14.885,30
2026,5,15.812,31
2026,6,16.541,30
2026,7,16.900,31
2026,8,16.957,31
