Date time,Automatic Weather Station,10 minute mean Hong Kong Heat Index
202610040251,Beas River,23.9
202610040251,Chek Lap Kok,25.1
202610040251,Happy Valley,25.8
202610040251,Hong Kong Observatory,25.4
202610040251,Kau Sai Chau,25.4
202610040251,King's Park,25.2
202610040251,Kowloon Bay,25.2
202610040251,Sha Tin,25.1
202610040251,Wetland Park,25.3
202610040251,Wong Chuk Hang,25.5
202610040252,Beas River,23.9
202610040252,Chek Lap Kok,25.1
202610040252,Happy Valley,25.8
202610040252,Hong Kong Observatory,25.4
202610040252,Kau Sai Chau,25.3
202610040252,King's Park,25.2
202610040252,Kowloon Bay,25.2
202610040252,Sha Tin,25.1
202610040252,Wetland Park,25.3
202610040252,Wong Chuk Hang,25.5
202610040253,Beas River,23.9
202610040253,Chek Lap Kok,25.1
202610040253,Happy Valley,25.8
202610040253,Hong Kong Observatory,25.4
202610040253,Kau Sai Chau,25.3
202610040253,King's Park,25.2
202610040253,Kowloon Bay,25.2
202610040253,Sha Tin,25.1
202610040253,Wetland Park,25.3
202610040253,Wong Chuk Hang,25.5
202610040254,Beas River,23.9
202610040254,Chek Lap Kok,25.1
202610040254,Happy Valley,25.8
202610040254,Hong Kong Observatory,25.4
202610040254,Kau Sai Chau,25.3
202610040254,King's Park,25.2
202610040254,Kowloon Bay,25.2
202610040254,Sha Tin,25.1
202610040254,Wetland Park,25.3
202610040254,Wong Chuk Hang,25.5
202610040255,Beas River,23.9
202610040255,Chek Lap Kok,25.1
202610040255,Happy Valley,25.8
202610040255,Hong Kong Observatory,25.5
202610040255,Kau Sai Chau,25.3
202610040255,King's Park,25.2
202610040255,Kowloon Bay,25.2
202610040255,Sha Tin,25.1
202610040255,Wetland Park,25.3
202610040255,Wong Chuk Hang,25.5
202610040256,Beas River,23.9
202610040256,Chek Lap Kok,25.1
202610040256,Happy Valley,25.8
202610040256,Hong Kong Observatory,25.5
202610040256,Kau Sai Chau,25.3
202610040256,King's Park,25.2
202610040256,Kowloon Bay,25.2
202610040256,Sha Tin,25.1
202610040256,Wetland Park,25.3
202610040256,Wong Chuk Hang,25.5
202610040257,Beas River,23.9
202610040257,Chek Lap Kok,25.1
202610040257,Happy Valley,25.8
202610040257,Hong Kong Observatory,25.5
202610040257,Kau Sai Chau,25.3
202610040257,King's Park,25.2
202610040257,Kowloon Bay,25.2
202610040257,Sha Tin,25.1
202610040257,Wetland Park,25.3
202610040257,Wong Chuk Hang,25.5
202610040258,Beas River,23.9
202610040258,Chek Lap Kok,25.1
202610040258,Happy Valley,25.8
202610040258,Hong Kong Observatory,25.5
202610040258,Kau Sai Chau,25.2
202610040258,King's Park,25.2
202610040258,Kowloon Bay,25.2
202610040258,Sha Tin,25.1
202610040258,Wetland Park,25.3
202610040258,Wong Chuk Hang,25.5
202610040259,Beas River,23.9
202610040259,Chek Lap Kok,25.1
202610040259,Happy Valley,25.8
202610040259,Hong Kong Observatory,25.5
202610040259,Kau Sai Chau,25.2
202610040259,King's Park,25.2
202610040259,Kowloon Bay,25.2
202610040259,Sha Tin,25.1
202610040259,Wetland Park,25.3
202610040259,Wong Chuk Hang,25.5
202610040300,Beas River,23.9
202610040300,Chek Lap Kok,25.1
202610040300,Happy Valley,25.8
202610040300,Hong Kong Observatory,25.5
202610040300,Kau Sai Chau,25.2
202610040300,King's Park,25.1
202610040300,Kowloon Bay,25.2
202610040300,Sha Tin,25.1
202610040300,Wetland Park,25.3
202610040300,Wong Chuk Hang,25.5
